{
  "testId" : "1-imagecompare-main-title-here",
  "name" : "ImageCompare main title here",
  "report" : {
    "nodes" : [ {
      "name" : "ImageCompare single test title here",
      "status" : "error",
      "time" : 1615573840090,
      "includedTags" : [ "desktop_galen_image_compare" ],
      "excludedTags" : [ ],
      "sections" : [ {
        "name" : "Page: Home page Section 4",
        "place" : {
          "filePath" : "galen_spec_gspec/GalenImageCompare.gspec",
          "lineNumber" : 6
        },
        "objects" : [ {
          "name" : "image_element",
          "specs" : [ {
            "status" : "info",
            "place" : {
              "filePath" : "galen_spec_gspec/GalenImageCompare.gspec",
              "lineNumber" : 10
            },
            "name" : "visible",
            "highlight" : [ "image_element" ]
          }, {
            "status" : "error",
            "place" : {
              "filePath" : "galen_spec_gspec/GalenImageCompare.gspec",
              "lineNumber" : 11
            },
            "name" : "image file sample_galen_image_reference.png, error 2",
            "errors" : [ "Element does not look like \"galen_spec_gspec\\sample_galen_image_reference.png\". There are 45461 mismatching pixels but max allowed is 2" ],
            "highlight" : [ "image_element" ],
            "imageComparison" : {
              "actualImage" : "layout-2-image_element-actual.png",
              "expectedImage" : "layout-3-image_element-expected.png",
              "comparisonMapImage" : "layout-4-image_element-map.png"
            }
          }, {
            "status" : "error",
            "place" : {
              "filePath" : "galen_spec_gspec/GalenImageCompare.gspec",
              "lineNumber" : 12
            },
            "name" : "image file sample_galen_image_reference.png, filter-a blur 10, filter-b contrast 200, error 2",
            "errors" : [ "Element does not look like \"galen_spec_gspec\\sample_galen_image_reference.png\". There are 64897 mismatching pixels but max allowed is 2" ],
            "highlight" : [ "image_element" ],
            "imageComparison" : {
              "actualImage" : "layout-5-image_element-actual.png",
              "expectedImage" : "layout-6-image_element-expected.png",
              "comparisonMapImage" : "layout-7-image_element-map.png"
            }
          } ]
        } ]
      } ],
      "objects" : {
        "image_element" : {
          "area" : [ 8, 215, 301, 295 ]
        }
      },
      "screenshot" : "layout-1-screenshot.png",
      "type" : "layout"
    } ]
  }
}